{
  "jobs": [
    {"id": 1, "location": [13.068852110283425, 54.307952609753414], "service": 0},
    {"id": 2, "location": [13.100707973660674, 54.309549518567934], "service": 0}
  ],
  "vehicles": [
    {"id": 1, "start": [13.015602563589717, 54.30163409249539], "end": [13.015602563589717, 54.30163409249539], "max_duration": 36000}
  ],
  "options": {"g": true}
}
